"","ATTD","CAP","Pr","Date","STATION","STATION_NAME","ELEVATION","LATITUDE","LONGITUDE","DATE","REPORTTPYE","DAILYMaximumDryBulbTemp","DAILYMinimumDryBulbTemp","DAILYAverageDryBulbTemp","DAILYDeptFromNormalAverageTemp","DAILYAverageRelativeHumidity","DAILYAverageDewPointTemp","DAILYAverageWetBulbTemp","DAILYHeatingDegreeDays","DAILYCoolingDegreeDays","DAILYSunrise","DAILYSunset","DAILYWeather","DAILYPrecip","DAILYSnowfall","DAILYSnowDepth","DAILYAverageStationPressure","DAILYAverageSeaLevelPressure","DAILYAverageWindSpeed","DAILYPeakWindSpeed","PeakWindDirection","DAILYSustainedWindSpeed","DAILYSustainedWindDirection","feel_like_temp","P"
"1",18624,18624,"100%",2012-11-02,"WBAN:14739","BOSTON MA US",3.7,42.3606,-71.0097,"2012/11/2 23:59","SOD",52,45,48,-0.7,65,37,43,17,0,621,1634,"RA:16","0.03","0",NA,29.53,29.57,9.6,"24","280",16,300,-33.6,1
"2",18624,18624,"100%",2012-11-07,"WBAN:14739","BOSTON MA US",3.7,42.3606,-71.0097,"2012/11/7 23:59","SOD",45,32,38,-9.3,76,31,36,27,0,627,1628,"RA:16 SN:18 BR:13","0.33","0.1",NA,29.97,29.96,23.1,"49","40",38,40,-353.4,1
"3",18624,18624,"100%",2012-11-09,"WBAN:14739","BOSTON MA US",3.7,42.3606,-71.0097,"2012/11/9 23:59","SOD",53,38,46,-0.8,50,27,38,19,0,630,1626,"","0","0",NA,29.86,29.93,12.9,"29","310",22,320,-36.8,1
"4",18624,18624,"100%",2012-11-14,"WBAN:14739","BOSTON MA US",3.7,42.3606,-71.0097,"2012/11/14 23:59","SOD",45,36,40,-5.3,59,27,35,25,0,636,1621,"","0","0",NA,30.45,30.48,11,"24","30",20,20,-212,1
"5",18624,18624,"100%",2012-11-17,"WBAN:14739","BOSTON MA US",3.7,42.3606,-71.0097,"2012/11/17 23:59","SOD",47,36,41,-3.4,66,30,36,24,0,639,1619,"","0","0",NA,30.52,30.58,6.6,"16","360",12,30,-139.4,1
"6",18624,18624,"100%",2012-11-21,"WBAN:14739","BOSTON MA US",3.7,42.3606,-71.0097,"2012/11/21 23:59","SOD",49,38,43,-0.2,74,36,40,22,0,644,1616,"","0","0",NA,30.18,30.22,9.5,"17","40",15,30,-8.6,1
"7",18624,18624,"100%",2012-11-23,"WBAN:14739","BOSTON MA US",3.7,42.3606,-71.0097,"2012/11/23 23:59","SOD",49,36,42,-0.5,89,40,42,23,0,647,1615,"BR:13","0","0",NA,29.92,29.9,8.8,"17","220",15,210,-21,1
"8",18624,18624,"100%",2012-11-28,"WBAN:14739","BOSTON MA US",3.7,42.3606,-71.0097,"2012/11/28 23:59","SOD",36,32,34,-6.8,67,25,31,31,0,652,1613,"DZ:14 SN:18","0","0",NA,30.14,30.16,8.3,"20","360",15,330,-231.2,1
"9",18624,18624,"100%",2012-11-30,"WBAN:14739","BOSTON MA US",3.7,42.3606,-71.0097,"2012/11/30 23:59","SOD",38,30,34,-6.1,NA,13,27,31,0,654,1612,"","0","0",NA,30.38,30.45,8.1,"23","240",18,230,-207.4,1
"10",18624,18624,"100%",2012-12-05,"WBAN:14739","BOSTON MA US",3.7,42.3606,-71.0097,"2012/12/5 23:59","SOD",57,33,45,6.7,60,36,44,20,0,659,1611,"RA:16","0","0",NA,29.9,29.95,15.8,"35","320",26,330,301.5,1
"11",18624,18624,"100%",2012-12-08,"WBAN:14739","BOSTON MA US",3.7,42.3606,-71.0097,"2012/12/8 23:59","SOD",47,43,45,7.7,93,42,43,20,0,702,1611,"RA:16 DZ:14 BR:13","0.34","0",NA,29.92,29.94,4.9,"17","240",13,240,346.5,1
"12",18624,18624,"100%",2012-12-12,"WBAN:14739","BOSTON MA US",3.7,42.3606,-71.0097,"2012/12/12 23:59","SOD",40,31,36,0.1,55,20,30,29,0,705,1612,"","0","0",NA,30.27,30.33,7.8,"18","280",13,300,3.6,1
"13",18624,18624,"100%",2012-12-19,"WBAN:14739","BOSTON MA US",3.7,42.3606,-71.0097,"2012/12/19 23:59","SOD",45,38,41,7.5,68,31,37,24,0,710,1614,"RA:16","0","0",NA,29.59,29.68,15.5,"37","330",25,320,307.5,1
"14",18624,18624,"100%",2012-12-21,"WBAN:14739","BOSTON MA US",3.7,42.3606,-71.0097,"2012/12/21 23:59","SOD",52,38,45,12.1,87,40,42,20,0,711,1615,"RA:16 BR:13","0.65","0",NA,29.47,29.43,21.3,"49","120",39,130,544.5,1
"15",18624,18624,"100%",2013-01-02,"WBAN:14739","BOSTON MA US",3.7,42.3606,-71.0097,"2013/1/2 23:59","SOD",30,12,21,-9,52,6,18,44,0,714,1624,"","0","0",NA,29.92,29.97,13.6,"32","290",24,290,-189,1
"16",18624,18624,"100%",2013-01-04,"WBAN:14739","BOSTON MA US",3.7,42.3606,-71.0097,"2013/1/4 23:59","SOD",38,21,30,0.4,60,19,27,35,0,714,1626,"","0","0",NA,29.87,29.89,12.9,"32","250",26,230,12,1
"17",18624,18624,"100%",2013-01-09,"WBAN:14739","BOSTON MA US",3.7,42.3606,-71.0097,"2013/1/9 23:59","SOD",46,28,37,8,68,29,35,28,0,713,1631,"RA:16","0","0",NA,30.21,30.22,7.9,"33","270",25,260,296,1
"18",18624,18624,"100%",2013-01-11,"WBAN:14739","BOSTON MA US",3.7,42.3606,-71.0097,"2013/1/11 23:59","SOD",40,31,36,7.2,72,28,33,29,0,712,1633,"RA:16 BR:13","0.12","0",NA,30.4,30.4,4.5,"14","140",12,140,259.2,1
"19",18624,18624,"100%",2013-01-14,"WBAN:14739","BOSTON MA US",3.7,42.3606,-71.0097,"2013/1/14 23:59","SOD",61,42,52,23.4,69,41,47,13,0,711,1637,"","0","0",NA,29.97,30.04,13.2,"26","220",22,230,1216.8,1
"20",18624,18624,"100%",2013-01-16,"WBAN:14739","BOSTON MA US",3.7,42.3606,-71.0097,"2013/1/16 23:59","SOD",36,30,33,4.4,87,29,31,32,0,710,1639,"RA:16 DZ:14 SN:18 PL:04 FZFG:22 BR:13 FG:01","0.37","3.2",NA,30,29.99,6.5,"16","320",13,320,145.2,1
"21",18624,18624,"100%",2013-01-18,"WBAN:14739","BOSTON MA US",3.7,42.3606,-71.0097,"2013/1/18 23:59","SOD",30,19,25,-3.5,33,-1,18,40,0,709,1641,"","0","0",NA,30.24,30.31,12.9,"32","320",23,300,-87.5,1
"22",18624,18624,"100%",2013-01-24,"WBAN:14739","BOSTON MA US",3.7,42.3606,-71.0097,"2013/1/24 23:59","SOD",21,4,13,-15.8,33,-11,8,52,0,705,1649,"","0","0",NA,30.08,30.12,17.4,"37","290",25,290,-205.4,1
"23",18624,18624,"100%",2013-01-27,"WBAN:14739","BOSTON MA US",3.7,42.3606,-71.0097,"2013/1/27 23:59","SOD",32,14,23,-6,36,-1,17,42,0,702,1653,"","0","0",NA,30.31,30.37,13.8,"36","310",23,330,-138,1
"24",18624,18624,"100%",2013-01-30,"WBAN:14739","BOSTON MA US",3.7,42.3606,-71.0097,"2013/1/30 23:59","SOD",60,33,47,17.7,91,46,48,18,0,659,1657,"RA:16 DZ:14 BR:13","0.06","0",NA,29.83,29.79,14.5,"41","220",30,210,831.9,1
"25",18624,18624,"100%",2013-02-01,"WBAN:14739","BOSTON MA US",3.7,42.3606,-71.0097,"2013/2/1 23:59","SOD",34,23,29,-0.5,38,6,23,36,0,657,1659,"","0","0",NA,29.72,29.81,17,"33","290",28,260,-14.5,1
"26",18624,18624,"100%",2013-02-03,"WBAN:14739","BOSTON MA US",3.7,42.3606,-71.0097,"2013/2/3 23:59","SOD",27,23,25,-4.8,77,18,23,40,0,655,1702,"SN:18","0.03","0.6",NA,29.88,29.88,8.1,"22","230",17,240,-120,1
"27",18624,18624,"100%",2013-02-07,"WBAN:14739","BOSTON MA US",3.7,42.3606,-71.0097,"2013/2/7 23:59","SOD",30,18,24,-6.4,38,2,20,41,0,650,1707,"","0","0",NA,30.41,30.47,9.2,"24","330",18,320,-153.6,1
"28",18624,18624,"100%",2013-02-10,"WBAN:14739","BOSTON MA US",3.7,42.3606,-71.0097,"2013/2/10 23:59","SOD",36,15,26,-4.8,47,7,20,39,0,646,1711,"SN:18","0","0",NA,30.28,30.33,8.4,"30","310",21,320,-124.8,1
"29",18624,18624,"100%",2013-02-13,"WBAN:14739","BOSTON MA US",3.7,42.3606,-71.0097,"2013/2/13 23:59","SOD",42,30,36,4.7,62,23,31,29,0,642,1715,"","0","0",NA,29.79,29.8,7.1,"22","270",16,270,169.2,1
"30",18624,18624,"100%",2013-03-01,"WBAN:14739","BOSTON MA US",3.7,42.3606,-71.0097,"2013/3/1 23:59","SOD",41,34,37,2.6,71,29,34,28,0,618,1735,"","0","0",NA,29.57,29.62,9.5,"21","320",17,330,96.2,1
"31",18624,18624,"100%",2013-03-08,"WBAN:14739","BOSTON MA US",3.7,42.3606,-71.0097,"2013/3/8 23:59","SOD",42,28,35,-1,79,26,31,30,0,607,1743,"SN:18 FZFG:22 BR:13 BLSN:09 FG:01","0.94","10.5",NA,29.97,30.02,18.3,"48","40",38,20,-35,1
"32",18624,18624,"100%",2013-03-13,"WBAN:14739","BOSTON MA US",3.7,42.3606,-71.0097,"2013/3/13 23:59","SOD",51,39,45,7.7,53,28,38,20,0,558,1749,"","0","0",NA,29.71,29.75,12.6,"25","260",20,290,346.5,1
"33",18624,18624,"100%",2013-03-16,"WBAN:14739","BOSTON MA US",3.7,42.3606,-71.0097,"2013/3/16 23:59","SOD",40,30,35,-3.1,42,13,27,30,0,553,1753,"","0","0",NA,29.76,29.81,8.3,"26","320",20,330,-108.5,1
"34",18624,18624,"100%",2013-03-18,"WBAN:14739","BOSTON MA US",3.7,42.3606,-71.0097,"2013/3/18 23:59","SOD",33,21,27,-11.6,51,11,24,38,0,550,1755,"SN:18 FZFG:22 BR:13 FG:01","0.12","0.9",NA,30.35,30.37,10.2,"24","100",22,100,-313.2,1
"35",18624,18624,"100%",2013-03-26,"WBAN:14739","BOSTON MA US",3.7,42.3606,-71.0097,"2013/3/26 23:59","SOD",50,34,42,1,48,22,35,23,0,536,1804,"SN:18 BR:13","0.05","0",NA,29.62,29.67,10.6,"23","300",18,360,42,1
"36",18624,18624,"100%",2013-03-29,"WBAN:14739","BOSTON MA US",3.7,42.3606,-71.0097,"2013/3/29 23:59","SOD",56,40,48,6,54,31,40,17,0,530,1807,"RA:16","0.01","0",NA,29.98,30.02,8.8,"25","310",21,300,288,1
"37",18624,18624,"100%",2013-04-03,"WBAN:14739","BOSTON MA US",3.7,42.3606,-71.0097,"2013/4/3 23:59","SOD",47,31,39,-4.7,34,11,29,26,0,522,1813,"","0","0",NA,29.95,30,18.9,"38","270",28,270,-183.3,1
"38",18624,18624,"100%",2013-04-05,"WBAN:14739","BOSTON MA US",3.7,42.3606,-71.0097,"2013/4/5 23:59","SOD",57,38,47,2.6,45,25,38,18,0,519,1815,"","0","0",NA,29.82,29.83,12.7,"32","310",25,320,122.2,1
"39",18624,18624,"100%",2013-04-07,"WBAN:14739","BOSTON MA US",3.7,42.3606,-71.0097,"2013/4/7 23:59","SOD",54,32,43,-2.1,59,30,38,22,0,515,1818,"","0","0",NA,30.18,30.17,15.8,"43","200",33,190,-90.3,1
"40",18624,18624,"100%",2013-04-10,"WBAN:14739","BOSTON MA US",3.7,42.3606,-71.0097,"2013/4/10 23:59","SOD",54,45,49,2.8,83,43,46,16,0,510,1821,"RA:16 BR:13","0.19","0",NA,29.92,29.94,6,"21","110",18,100,137.2,1
"41",18624,18624,"100%",2013-11-01,"WBAN:14739","BOSTON MA US",3.7,42.3606,-71.0097,"2013/11/1 23:59","SOD",72,60,66,17,72,56,60,0,1,618,1636,"RA:16","0.03","0",NA,29.55,29.57,21,"51","220",39,210,1122,1
"42",17130,18624,"91.978%",2013-11-06,"WBAN:14739","BOSTON MA US",3.7,42.3606,-71.0097,"2013/11/6 23:59","SOD",61,42,52,4.4,68,41,47,13,0,625,1630,"","0","0",NA,30.32,30.3,10.8,"24","220",18,210,228.8,0.919780927835051
"43",18624,18624,"100%",2013-11-11,"WBAN:14739","BOSTON MA US",3.7,42.3606,-71.0097,"2013/11/11 23:59","SOD",53,41,47,0.8,44,26,38,18,0,631,1625,"","0","0",NA,29.95,29.99,12.8,"30","290",24,290,37.6,1
"44",17032,18624,"91.452%",2013-11-13,"WBAN:14739","BOSTON MA US",3.7,42.3606,-71.0097,"2013/11/13 23:59","SOD",38,26,32,-13.6,45,12,25,33,0,633,1623,"","0","0",NA,30.2,30.23,12.7,"30","320",22,310,-435.2,0.914518900343643
"45",18624,18624,"100%",2013-11-15,"WBAN:14739","BOSTON MA US",3.7,42.3606,-71.0097,"2013/11/15 23:59","SOD",62,38,50,5,37,22,38,15,0,636,1621,"","0","0",NA,30.12,30.16,8.8,"22","220",17,210,250,1
"46",18624,18624,"100%",2013-11-22,"WBAN:14739","BOSTON MA US",3.7,42.3606,-71.0097,"2013/11/22 23:59","SOD",48,42,45,2.2,87,41,43,20,0,644,1616,"RA:16 FG:01 BR:13","0.25","0",NA,30.12,30.09,5,"15","240",12,240,99,1
"47",17319,18624,"92.993%",2013-11-27,"WBAN:14739","BOSTON MA US",3.7,42.3606,-71.0097,"2013/11/27 23:59","SOD",62,39,51,9.8,89,49,50,14,0,650,1614,"RA:16 BR:13","1.79","0",NA,29.48,29.45,16.7,"46","180",35,170,499.8,0.92992912371134
"48",17685,18624,"94.958%",2013-11-29,"WBAN:14739","BOSTON MA US",3.7,42.3606,-71.0097,"2013/11/29 23:59","SOD",35,23,29,-11.5,43,8,23,36,0,652,1613,"","0","0",NA,30.52,30.58,9.8,"21","350",17,350,-333.5,0.94958118556701
"49",16649,18624,"89.395%",2013-12-03,"WBAN:14739","BOSTON MA US",3.7,42.3606,-71.0097,"2013/12/3 23:59","SOD",49,36,42,2.9,NA,NA,NA,23,0,656,1612,"BR:13","0","0",NA,29.86,NA,7.9,"16","310",13,300,121.8,0.893954037800687
"50",17263,18624,"92.692%",2013-12-06,"WBAN:14739","BOSTON MA US",3.7,42.3606,-71.0097,"2013/12/6 23:59","SOD",57,35,46,8,NA,NA,NA,19,0,659,1611,"RA:16 DZ:14 SN:18 PL:04 BR:13","0.3","0",NA,29.92,NA,10.7,"24","330",20,320,368,0.926922250859107
"51",17587,18624,"94.432%",2013-12-11,"WBAN:14739","BOSTON MA US",3.7,42.3606,-71.0097,"2013/12/11 23:59","SOD",32,24,28,-8.2,NA,NA,NA,37,0,704,1612,"","0","0",NA,30.09,NA,13.8,"29","230",22,240,-229.6,0.944319158075601
"52",17479,18624,"93.852%",2013-12-13,"WBAN:14739","BOSTON MA US",3.7,42.3606,-71.0097,"2013/12/13 23:59","SOD",30,16,23,-12.5,NA,NA,NA,42,0,705,1612,"","0","0",NA,30.05,NA,13.6,"29","260",21,260,-287.5,0.938520189003436
"53",17071,18624,"91.661%",2013-12-16,"WBAN:14739","BOSTON MA US",3.7,42.3606,-71.0097,"2013/12/16 23:59","SOD",30,20,25,-9.5,NA,NA,NA,40,0,707,1613,"SN:18","0","0",NA,29.89,NA,13.9,"31","280",25,280,-237.5,0.916612972508591
"54",17101,18624,"91.822%",2013-12-18,"WBAN:14739","BOSTON MA US",3.7,42.3606,-71.0097,"2013/12/18 23:59","SOD",36,19,28,-5.8,NA,NA,NA,37,0,709,1614,"","0","0",NA,29.9,NA,13,"24","320",18,240,-162.4,0.918223797250859
"55",18169,18624,"97.557%",2013-12-21,"WBAN:14739","BOSTON MA US",3.7,42.3606,-71.0097,"2013/12/21 23:59","SOD",54,41,47,14.1,NA,NA,NA,18,0,710,1615,"","0","0",NA,29.88,NA,11.3,"23","210",17,220,662.7,0.975569158075601
"56",18264,18624,"98.067%",2013-12-28,"WBAN:14739","BOSTON MA US",3.7,42.3606,-71.0097,"2013/12/28 23:59","SOD",48,27,38,7,NA,NA,NA,27,0,713,1619,"","0","0",NA,30.08,NA,10.4,"30","240",23,240,266,0.980670103092783
"57",18624,18624,"100%",2013-12-31,"WBAN:14739","BOSTON MA US",3.7,42.3606,-71.0097,"2013/12/31 23:59","SOD",26,14,20,-10.4,NA,NA,NA,45,0,713,1622,"","0","11.7",NA,30.08,NA,NA,"24","180",17,270,-208,1
"58",18624,18624,"100%",2014-01-03,"WBAN:14739","BOSTON MA US",3.7,42.3606,-71.0097,"2014/1/3 23:59","SOD",14,2,8,-21.8,61,-4,5,57,0,714,1625,"SN:18 FZFG:22 BR:13 BLSN:09 FG:01","0.19","4.5",NA,29.94,30.02,17,"36","350",26,350,-174.4,1
"59",17750,18624,"95.307%",2014-01-13,"WBAN:14739","BOSTON MA US",3.7,42.3606,-71.0097,"2014/1/13 23:59","SOD",51,31,41,12.3,63,29,37,24,0,711,1635,"","0","0",NA,30.01,30.03,11.5,"26","270",21,270,504.3,0.953071305841924
"60",17569,18624,"94.335%",2014-01-15,"WBAN:14739","BOSTON MA US",3.7,42.3606,-71.0097,"2014/1/15 23:59","SOD",48,35,42,13.4,78,35,38,23,0,710,1638,"BR:13","0","0",NA,29.89,29.94,6.5,"18","270",15,280,562.8,0.943352663230241
"61",18624,18624,"100%",2014-01-17,"WBAN:14739","BOSTON MA US",3.7,42.3606,-71.0097,"2014/1/17 23:59","SOD",46,33,40,11.5,69,28,35,25,0,709,1640,"FG:01 BR:13","0","0",NA,29.9,29.94,7.8,"24","250",17,220,460,1
"62",18624,18624,"100%",2014-01-24,"WBAN:14739","BOSTON MA US",3.7,42.3606,-71.0097,"2014/1/24 23:59","SOD",19,7,13,-15.8,43,-5,10,52,0,705,1649,"","0","0",NA,30.15,30.18,13.7,"26","290",22,290,-205.4,1
"63",18624,18624,"100%",2014-01-26,"WBAN:14739","BOSTON MA US",3.7,42.3606,-71.0097,"2014/1/26 23:59","SOD",26,16,21,-7.9,46,2,16,44,0,703,1651,"","0","0",NA,29.62,29.72,15.7,"44","280",32,280,-165.9,1
"64",18624,18624,"100%",2014-01-29,"WBAN:14739","BOSTON MA US",3.7,42.3606,-71.0097,"2014/1/29 23:59","SOD",27,15,21,-8.2,36,-3,15,44,0,700,1655,"SN:18","0.01","0",NA,30.07,30.1,9.9,"28","290",22,240,-172.2,1
"65",18624,18624,"100%",2014-02-02,"WBAN:14739","BOSTON MA US",3.7,42.3606,-71.0097,"2014/2/2 23:59","SOD",55,31,43,13.4,72,33,38,22,0,656,1701,"RA:16 BR:13","0.02","0",NA,29.9,29.94,6.8,"18","280",15,290,576.2,1
"66",18624,18624,"100%",2014-02-07,"WBAN:14739","BOSTON MA US",3.7,42.3606,-71.0097,"2014/2/7 23:59","SOD",30,19,25,-5.4,48,8,20,40,0,650,1707,"","0","0",NA,30.18,30.2,10.8,"23","270",18,260,-135,1
"67",17650,18624,"94.77%",2014-02-09,"WBAN:14739","BOSTON MA US",3.7,42.3606,-71.0097,"2014/2/9 23:59","SOD",30,21,26,-4.7,68,16,23,39,0,648,1710,"SN:18 BR:13","0.03","0.3",NA,30.03,30.08,7.7,"17","320",14,220,-122.2,0.947701890034364
"68",17922,18624,"96.231%",2014-02-12,"WBAN:14739","BOSTON MA US",3.7,42.3606,-71.0097,"2014/2/12 23:59","SOD",23,8,16,-15.2,49,1,14,49,0,644,1714,"","0","0",NA,30.47,30.49,7.5,"28","320",22,320,-243.2,0.962306701030928
"69",16605,18624,"89.159%",2014-02-26,"WBAN:14739","BOSTON MA US",3.7,42.3606,-71.0097,"2014/2/26 23:59","SOD",32,16,24,-9.8,41,2,17,41,0,623,1731,"","0","0",NA,29.83,29.86,11.6,"33","250",24,240,-235.2,0.891591494845361
"70",18624,18624,"100%",2014-03-01,"WBAN:14739","BOSTON MA US",3.7,42.3606,-71.0097,"2014/3/1 23:59","SOD",36,16,26,-8.4,46,8,22,39,0,618,1735,"","0","0",NA,30.31,30.31,8.1,"22","220",18,230,-218.4,1
"71",18155,18624,"97.482%",2014-03-05,"WBAN:14739","BOSTON MA US",3.7,42.3606,-71.0097,"2014/3/5 23:59","SOD",29,20,25,-10.3,65,13,21,40,0,612,1740,"SN:18","0","0.1",NA,30.27,30.33,9.7,"20","20",16,10,-257.5,0.974817439862543
"72",18195,18624,"97.697%",2014-03-07,"WBAN:14739","BOSTON MA US",3.7,42.3606,-71.0097,"2014/3/7 23:59","SOD",34,16,25,-10.8,67,18,25,40,0,608,1742,"","0","0",NA,30.29,30.26,4.7,"15","110",12,80,-270,0.976965206185567
"73",18624,18624,"100%",2014-03-09,"WBAN:14739","BOSTON MA US",3.7,42.3606,-71.0097,"2014/3/9 23:59","SOD",43,30,37,0.7,32,8,27,28,0,605,1744,"","0","0",NA,29.87,29.9,10.6,"25","330",21,280,25.9,1
"74",18624,18624,"100%",2014-03-12,"WBAN:14739","BOSTON MA US",3.7,42.3606,-71.0097,"2014/3/12 23:59","SOD",46,37,42,5,83,37,39,23,0,600,1748,"RA:16 BR:13","0.43","0",NA,29.45,29.4,4.8,"20","350",15,330,210,1
"75",18624,18624,"100%",2014-03-14,"WBAN:14739","BOSTON MA US",3.7,42.3606,-71.0097,"2014/3/14 23:59","SOD",39,16,28,-9.5,46,10,23,37,0,557,1750,"","0","0",NA,30.02,30.04,14.1,"31","220",22,210,-266,1
"76",18624,18624,"100%",2014-03-19,"WBAN:14739","BOSTON MA US",3.7,42.3606,-71.0097,"2014/3/19 23:59","SOD",41,27,34,-4.9,69,25,31,31,0,548,1756,"RA:16","0","0",NA,30.26,30.25,10.3,"25","100",21,110,-166.6,1
"77",18341,18624,"98.48%",2014-03-26,"WBAN:14739","BOSTON MA US",3.7,42.3606,-71.0097,"2014/3/26 23:59","SOD",35,24,30,-11,36,6,24,35,0,536,1804,"SN:18","0","0",NA,29.7,29.75,25.9,"54","350",38,350,-330,0.984804553264605
"78",18624,18624,"100%",2014-03-30,"WBAN:14739","BOSTON MA US",3.7,42.3606,-71.0097,"2014/3/30 23:59","SOD",43,36,39,-3.4,90,37,39,26,0,529,1809,"RA:16 FG:01 BR:13","2.23","0",NA,29.69,29.7,17.3,"37","30",27,10,-132.6,1
"79",18624,18624,"100%",2014-04-04,"WBAN:14739","BOSTON MA US",3.7,42.3606,-71.0097,"2014/4/4 23:59","SOD",44,37,41,-3.1,76,32,37,24,0,520,1814,"RA:16 BR:13","0.26","0",NA,29.74,29.78,13.5,"38","290",26,290,-127.1,1
"80",18624,18624,"100%",2014-04-11,"WBAN:14739","BOSTON MA US",3.7,42.3606,-71.0097,"2014/4/11 23:59","SOD",69,48,59,12.4,53,41,50,6,0,508,1822,"RA:16","0","0",NA,30.06,30.12,8.6,"26","270",20,270,731.6,1
"81",18624,18624,"100%",2014-04-16,"WBAN:14739","BOSTON MA US",3.7,42.3606,-71.0097,"2014/4/16 23:59","SOD",45,31,38,-10.3,49,19,32,27,0,500,1828,"RA:16 SN:18 PL:04 BR:13","0.36","0.3",NA,30.71,30.74,13.9,"28","70",22,60,-391.4,1
"82",18624,18624,"100%",2014-10-29,"WBAN:14739","BOSTON MA US",3.7,42.3606,-71.0097,"2014/10/29 23:59","SOD",74,52,63,13.2,77,52,56,2,0,615,1640,"RA:16 BR:13","0.02","0",NA,29.89,29.93,8.2,"22","280",16,290,831.6,1
"83",16249,18624,"87.248%",2014-11-05,"WBAN:14739","BOSTON MA US",3.7,42.3606,-71.0097,"2014/11/5 23:59","SOD",66,47,56,8.1,55,40,49,9,0,623,1632,"","0","0",NA,29.9,29.86,5.1,"24","40",18,30,453.6,0.872476374570447
"84",17122,18624,"91.935%",2014-11-07,"WBAN:14739","BOSTON MA US",3.7,42.3606,-71.0097,"2014/11/7 23:59","SOD",49,39,44,-3.3,70,36,41,21,0,626,1629,"DZ:14 BR:13","0","0",NA,29.86,29.9,10.3,"26","300",20,280,-145.2,0.919351374570447
"85",17043,18624,"91.511%",2014-11-12,"WBAN:14739","BOSTON MA US",3.7,42.3606,-71.0097,"2014/11/12 23:59","SOD",60,46,53,7.1,85,47,50,12,0,632,1624,"FG:01 BR:13","0","0",NA,29.98,30.01,7.5,"22","310",15,320,376.3,0.915109536082474
"86",18624,18624,"100%",2014-11-14,"WBAN:14739","BOSTON MA US",3.7,42.3606,-71.0097,"2014/11/14 23:59","SOD",44,33,39,-6.3,65,26,33,26,0,635,1622,"RA:16 SN:18 BR:13","0.23","0",NA,30.18,30.24,9.3,"21","310",16,300,-245.7,1
"87",16726,18624,"89.809%",2014-11-17,"WBAN:14739","BOSTON MA US",3.7,42.3606,-71.0097,"2014/11/17 23:59","SOD",48,37,43,-1.4,96,41,42,22,0,638,1620,"RA:16 BR:13","1.64","0",NA,29.6,29.69,15.7,"33","260",25,280,-60.2,0.898088487972509
"88",16692,18624,"89.626%",2014-11-23,"WBAN:14739","BOSTON MA US",3.7,42.3606,-71.0097,"2014/11/23 23:59","SOD",59,42,51,8.5,54,32,41,14,0,645,1616,"","0","0",NA,29.77,29.76,14.5,"36","200",26,220,433.5,0.896262886597938
"89",18203,18624,"97.739%",2014-11-28,"WBAN:14739","BOSTON MA US",3.7,42.3606,-71.0097,"2014/11/28 23:59","SOD",35,27,31,-9.8,72,22,28,34,0,651,1613,"SN:18 BR:13","0.11","2.3",NA,30.27,30.31,7.1,"21","330",13,180,-303.8,0.977394759450172
"90",17121,18624,"91.93%",2014-11-30,"WBAN:14739","BOSTON MA US",3.7,42.3606,-71.0097,"2014/11/30 23:59","SOD",57,32,45,4.9,NA,37,43,20,0,653,1613,"","0","0",NA,30.05,30.13,13.3,"29","300",22,290,220.5,0.919297680412371
"91",15870,18624,"85.213%",2014-12-03,"WBAN:14739","BOSTON MA US",3.7,42.3606,-71.0097,"2014/12/3 23:59","SOD",51,37,44,4.9,88,41,43,21,0,656,1612,"RA:16 DZ:14 BR:13","0.44","0",NA,30.24,30.33,11.7,"33","280",25,270,215.6,0.852126288659794
"92",18624,18624,"100%",2014-12-05,"WBAN:14739","BOSTON MA US",3.7,42.3606,-71.0097,"2014/12/5 23:59","SOD",42,26,34,-4.3,66,24,31,31,0,658,1611,"RA:16 BR:13","0.11","0",NA,30.21,30.23,8.1,"25","110",22,110,-146.2,1
"93",16716,18624,"89.755%",2014-12-07,"WBAN:14739","BOSTON MA US",3.7,42.3606,-71.0097,"2014/12/7 23:59","SOD",38,21,30,-7.6,56,17,28,35,0,700,1611,"RA:16 BR:13","0.13","0",NA,30.66,30.68,13.2,"28","350",21,340,-228,0.897551546391753
"94",17989,18624,"96.59%",2014-12-12,"WBAN:14739","BOSTON MA US",3.7,42.3606,-71.0097,"2014/12/12 23:59","SOD",39,31,35,-0.9,73,27,32,30,0,705,1612,"SN:18","0","0",NA,29.79,29.81,11.7,"23","300",17,300,-31.5,0.965904209621993
"95",16764,18624,"90.013%",2014-12-17,"WBAN:14739","BOSTON MA US",3.7,42.3606,-71.0097,"2014/12/17 23:59","SOD",49,41,45,10.8,86,41,43,20,0,708,1613,"RA:16 BR:13","0.43","0",NA,29.73,29.78,13.7,"30","280",23,290,486,0.900128865979381
"96",17042,18624,"91.506%",2014-12-19,"WBAN:14739","BOSTON MA US",3.7,42.3606,-71.0097,"2014/12/19 23:59","SOD",37,29,33,-0.5,63,22,30,32,0,709,1614,"","0","0",NA,30.21,30.26,9.6,"26","30",21,30,-16.5,0.915055841924399
"97",18624,18624,"100%",2014-12-26,"WBAN:14739","BOSTON MA US",3.7,42.3606,-71.0097,"2014/12/26 23:59","SOD",50,37,44,12.5,58,30,38,21,0,712,1618,"","0","0",NA,30.11,30.14,9.1,"21","220",17,230,550,1
"98",18624,18624,"100%",2014-12-31,"WBAN:14739","BOSTON MA US",3.7,42.3606,-71.0097,"2014/12/31 23:59","SOD",30,20,25,-5.4,NA,5,19,40,0,713,1622,"","0","0",NA,29.99,30,14.2,"29","210",23,230,-135,1
"99",18624,18624,"100%",2015-01-02,"WBAN:14739","BOSTON MA US",3.7,42.3606,-71.0097,"2015/1/2 23:59","SOD",41,31,36,6,45,15,29,29,0,714,1624,"","0","0",NA,30.53,30.55,10.3,"25","120",22,120,216,1
"100",16720,18624,"89.777%",2015-01-05,"WBAN:14739","BOSTON MA US",3.7,42.3606,-71.0097,"2015/1/5 23:59","SOD",50,17,34,4.5,40,10,26,31,0,713,1627,"","0","0",NA,30.21,30.22,8.8,"28","290",22,260,153,0.897766323024055
"101",16905,18624,"90.77%",2015-01-12,"WBAN:14739","BOSTON MA US",3.7,42.3606,-71.0097,"2015/1/12 23:59","SOD",38,33,36,7.3,72,27,33,29,0,712,1634,"RA:16 DZ:14 PL:04 BR:13","0.2","0",NA,30.44,30.52,10.6,"26","330",21,330,262.8,0.907699742268041
"102",16067,18624,"86.27%",2015-01-14,"WBAN:14739","BOSTON MA US",3.7,42.3606,-71.0097,"2015/1/14 23:59","SOD",25,14,20,-8.6,64,9,18,45,0,711,1637,"SN:18 BR:13","0","0",NA,30.01,30,9.7,"21","250",15,250,-172,0.862704037800687
"103",18624,18624,"100%",2015-01-16,"WBAN:14739","BOSTON MA US",3.7,42.3606,-71.0097,"2015/1/16 23:59","SOD",38,15,27,-1.6,52,10,22,38,0,710,1639,"","0","0",NA,30.25,30.31,11,"31","310",22,290,-43.2,1
"104",17675,18624,"94.904%",2015-01-30,"WBAN:14739","BOSTON MA US",3.7,42.3606,-71.0097,"2015/1/30 23:59","SOD",34,19,27,-2.3,80,25,28,38,0,659,1657,"SN:18 BR:13 BLSN:09","0.06","0.7",NA,29.8,29.86,22,"48","320",36,320,-62.1,0.949044243986254
"105",17366,18624,"93.245%",2015-02-01,"WBAN:14739","BOSTON MA US",3.7,42.3606,-71.0097,"2015/2/1 23:59","SOD",30,12,21,-8.5,NA,NA,NA,44,0,657,1659,"","0","0",NA,29.7,NA,18,"45","50",36,50,-178.5,0.932452749140893
"106",15126,18624,"81.218%",2015-02-04,"WBAN:14739","BOSTON MA US",3.7,42.3606,-71.0097,"2015/2/4 23:59","SOD",38,14,26,-3.9,NA,NA,NA,39,0,654,1703,"","0.01","0",NA,29.89,NA,14.7,"40","310",30,320,-101.4,0.812177835051546
"107",18322,18624,"98.378%",2015-02-06,"WBAN:14739","BOSTON MA US",3.7,42.3606,-71.0097,"2015/2/6 23:59","SOD",21,5,13,-17.2,NA,NA,NA,52,0,651,1706,"","0","0",NA,30.02,NA,10.7,"26","230",20,240,-223.6,0.983784364261168
"108",16083,18624,"86.356%",2015-02-11,"WBAN:14739","BOSTON MA US",3.7,42.3606,-71.0097,"2015/2/11 23:59","SOD",25,14,20,-11,NA,NA,NA,45,0,645,1712,"SN:18 BLSN:09","0.01","0.5",NA,29.77,NA,5.3,"21","330",16,330,-220,0.863563144329897
"109",16899,18624,"90.738%",2015-02-25,"WBAN:14739","BOSTON MA US",3.7,42.3606,-71.0097,"2015/2/25 23:59","SOD",35,14,25,-8.6,NA,NA,NA,40,0,625,1730,"SN:18 BR:13","0.07","1.9",NA,30,NA,9.2,"21","30",18,30,-215,0.907377577319588
"110",18624,18624,"100%",2015-02-27,"WBAN:14739","BOSTON MA US",3.7,42.3606,-71.0097,"2015/2/27 23:59","SOD",27,15,21,-13,NA,NA,NA,44,0,622,1732,"","0","0",NA,30.64,NA,NA,"20","250",15,300,-273,1
"111",18624,18624,"100%",2015-03-01,"WBAN:14739","BOSTON MA US",3.7,42.3606,-71.0097,"2015/3/1 23:59","SOD",30,12,21,-13.4,68,14,21,44,0,618,1735,"SN:18 BR:13","0.17","1.9",NA,29.98,30.03,14.4,"41","280",30,280,-281.4,1
"112",16354,18624,"87.811%",2015-03-04,"WBAN:14739","BOSTON MA US",3.7,42.3606,-71.0097,"2015/3/4 23:59","SOD",43,33,38,2.9,75,32,36,27,0,613,1738,"RA:16 BR:13","0.02","0",NA,30,30.07,11.8,"28","330",20,320,110.2,0.878114261168385
"113",17135,18624,"92.005%",2015-03-11,"WBAN:14739","BOSTON MA US",3.7,42.3606,-71.0097,"2015/3/11 23:59","SOD",57,37,47,10.2,61,33,41,18,0,602,1747,"RA:16 FG:01 BR:13","0.01","0",NA,30.22,30.3,16.9,"41","320",32,330,479.4,0.92004939862543
"114",18624,18624,"100%",2015-03-13,"WBAN:14739","BOSTON MA US",3.7,42.3606,-71.0097,"2015/3/13 23:59","SOD",40,24,32,-5.3,40,8,25,33,0,558,1749,"","0","0",NA,30.05,30,8.1,"20","320",15,290,-169.6,1
"115",16553,18624,"88.88%",2015-03-16,"WBAN:14739","BOSTON MA US",3.7,42.3606,-71.0097,"2015/3/16 23:59","SOD",45,26,36,-2.1,44,14,28,29,0,553,1753,"","0","0",NA,29.55,29.57,14.2,"51","320",38,320,-75.6,0.88879939862543
"116",18624,18624,"100%",2015-03-22,"WBAN:14739","BOSTON MA US",3.7,42.3606,-71.0097,"2015/3/22 23:59","SOD",39,21,30,-9.8,33,3,22,35,0,543,1759,"","0","0",NA,30.09,30.13,15.2,"31","300",24,300,-294,1
"117",18624,18624,"100%",2015-03-25,"WBAN:14739","BOSTON MA US",3.7,42.3606,-71.0097,"2015/3/25 23:59","SOD",49,28,39,-1.7,58,23,32,26,0,537,1803,"RA:16","0.04","0",NA,29.83,29.82,8.8,"23","250",16,210,-66.3,1
"118",18624,18624,"100%",2015-03-29,"WBAN:14739","BOSTON MA US",3.7,42.3606,-71.0097,"2015/3/29 23:59","SOD",42,26,34,-8,41,11,26,31,0,530,1807,"","0","0",NA,29.83,29.83,13,"35","220",29,210,-272,1
"119",18624,18624,"100%",2015-04-01,"WBAN:14739","BOSTON MA US",3.7,42.3606,-71.0097,"2015/4/1 23:59","SOD",47,30,39,-4,28,7,29,26,0,525,1811,"","0","0",NA,30.08,30.07,12.8,"37","220",29,220,-156,1
"120",18624,18624,"100%",2015-04-03,"WBAN:14739","BOSTON MA US",3.7,42.3606,-71.0097,"2015/4/3 23:59","SOD",59,45,52,8.3,76,45,49,13,0,522,1813,"RA:16 BR:13","0.03","0",NA,29.62,29.7,16.4,"49","310",37,290,431.6,1
"121",18624,18624,"100%",2015-04-12,"WBAN:14739","BOSTON MA US",3.7,42.3606,-71.0097,"2015/4/12 23:59","SOD",68,39,54,7.1,40,28,42,11,0,507,1823,"","0","0",NA,30.22,30.25,12.2,"29","210",24,220,383.4,1
"122",18624,18624,"100%",2015-04-14,"WBAN:14739","BOSTON MA US",3.7,42.3606,-71.0097,"2015/4/14 23:59","SOD",65,52,58,10.4,49,39,50,7,0,504,1825,"RA:16","0.01","0",NA,30.14,30.16,11.7,"35","320",25,330,603.2,1
"123",18624,18624,"100%",2015-10-28,"WBAN:14739","BOSTON MA US",3.7,42.3606,-71.0097,"2015/10/28 23:59","SOD",65,42,54,3.9,84,48,51,11,0,613,1642,"RA:16 DZ:14 BR:13","0.36","0",NA,29.5,29.53,17,"39","200",29,200,210.6,1
"124",16898,18624,"90.732%",2015-10-30,"WBAN:14739","BOSTON MA US",3.7,42.3606,-71.0097,"2015/10/30 23:59","SOD",61,42,52,2.4,43,30,43,13,0,616,1639,"","0","0",NA,30.11,30.14,6.9,"17","220",13,220,124.8,0.907323883161512
"125",17461,18624,"93.755%",2015-11-01,"WBAN:14739","BOSTON MA US",3.7,42.3606,-71.0097,"2015/11/1 23:59","SOD",62,48,55,6,74,46,50,10,0,618,1636,"RA:16","0","0",NA,29.97,30.02,7.2,"23","260",18,250,330,0.937553694158076
"126",18624,18624,"100%",2015-11-06,"WBAN:14739","BOSTON MA US",3.7,42.3606,-71.0097,"2015/11/6 23:59","SOD",73,62,68,20.4,79,61,63,0,3,625,1630,"HZ:08","0","0",NA,29.88,29.93,13.1,"33","290",25,300,1387.2,1
"127",17879,18624,"96%",2015-11-11,"WBAN:14739","BOSTON MA US",3.7,42.3606,-71.0097,"2015/11/11 23:59","SOD",50,46,48,1.8,91,45,46,17,0,631,1625,"RA:16 DZ:14 BR:13","0.54","0",NA,29.8,29.77,7.3,"23","160",18,160,86.4,0.959997852233677
"128",17138,18624,"92.021%",2015-11-13,"WBAN:14739","BOSTON MA US",3.7,42.3606,-71.0097,"2015/11/13 23:59","SOD",59,46,53,7.4,58,38,46,12,0,633,1623,"RA:16","0.01","0",NA,29.81,29.89,16.1,"43","290",31,290,392.2,0.920210481099656
"129",17262,18624,"92.687%",2015-11-18,"WBAN:14739","BOSTON MA US",3.7,42.3606,-71.0097,"2015/11/18 23:59","SOD",48,31,40,-4.1,74,33,38,25,0,639,1619,"","0","0",NA,30.3,30.29,8.9,"20","140",16,130,-164,0.926868556701031
"130",18361,18624,"98.588%",2015-11-20,"WBAN:14739","BOSTON MA US",3.7,42.3606,-71.0097,"2015/11/20 23:59","SOD",61,44,53,9.5,65,42,49,12,0,642,1617,"RA:16 BR:13","0.86","0",NA,30.19,30.2,7.5,"16","40",13,70,503.5,0.985878436426117
"131",17588,18624,"94.437%",2015-11-25,"WBAN:14739","BOSTON MA US",3.7,42.3606,-71.0097,"2015/11/25 23:59","SOD",44,30,37,-4.8,63,27,34,28,0,648,1615,"","0","0",NA,30.76,30.77,9.6,"28","170",22,190,-177.6,0.944372852233677
"132",18624,18624,"100%",2015-11-27,"WBAN:14739","BOSTON MA US",3.7,42.3606,-71.0097,"2015/11/27 23:59","SOD",64,48,56,14.8,78,49,52,9,0,650,1614,"BR:13","0","0",NA,30.11,30.15,9.7,"23","240",18,30,828.8,1
"133",17318,18624,"92.988%",2015-12-09,"WBAN:14739","BOSTON MA US",3.7,42.3606,-71.0097,"2015/12/9 23:59","SOD",46,37,42,5.1,72,33,38,23,0,702,1611,"","0","0",NA,29.96,29.98,4.9,"22","150",20,150,214.2,0.929875429553265
"134",18624,18624,"100%",2015-12-11,"WBAN:14739","BOSTON MA US",3.7,42.3606,-71.0097,"2015/12/11 23:59","SOD",58,43,50,13.8,87,47,49,15,0,704,1612,"FG:01 BR:13","0","0",NA,30.01,30.07,7.2,"22","260",16,260,690,1
"135",18624,18624,"100%",2015-12-15,"WBAN:14739","BOSTON MA US",3.7,42.3606,-71.0097,"2015/12/15 23:59","SOD",61,48,54,19.2,71,45,50,11,0,707,1612,"RA:16 BR:13","0.19","0",NA,30.04,30.12,8.8,"20","30",16,30,1036.8,1
"136",18624,18624,"100%",2015-12-18,"WBAN:14739","BOSTON MA US",3.7,42.3606,-71.0097,"2015/12/18 23:59","SOD",52,39,46,12.2,80,40,44,19,0,709,1614,"RA:16 DZ:14 BR:13","0.04","0",NA,29.82,29.9,15.5,"38","270",29,260,561.2,1
"137",18624,18624,"100%",2015-12-21,"WBAN:14739","BOSTON MA US",3.7,42.3606,-71.0097,"2015/12/21 23:59","SOD",53,32,43,10.1,61,33,40,22,0,710,1615,"","0","0",NA,29.95,29.99,9,"28","220",20,230,434.3,1
"138",18624,18624,"100%",2015-12-27,"WBAN:14739","BOSTON MA US",3.7,42.3606,-71.0097,"2015/12/27 23:59","SOD",50,38,44,12.7,89,43,45,21,0,713,1619,"RA:16 BR:13","0.26","0",NA,30.34,30.45,13.5,"33","330",25,320,558.8,1
"139",18624,18624,"100%",2015-12-30,"WBAN:14739","BOSTON MA US",3.7,42.3606,-71.0097,"2015/12/30 23:59","SOD",37,25,31,0.4,91,26,28,34,0,713,1621,"RA:16 BR:13","0.03","0",NA,29.97,30,8.8,"23","260",17,270,12.4,1
"140",18624,18624,"100%",2016-01-02,"WBAN:14739","BOSTON MA US",3.7,42.3606,-71.0097,"2016/1/2 23:59","SOD",40,31,36,6,53,19,29,29,0,714,1624,"","0","0",NA,29.76,29.78,11.7,"28","240",21,260,216,1
"141",18624,18624,"100%",2016-01-06,"WBAN:14739","BOSTON MA US",3.7,42.3606,-71.0097,"2016/1/6 23:59","SOD",45,21,33,3.7,30,2,24,32,0,713,1628,"","0","0",NA,30.27,30.29,6.4,"18","240",14,230,122.1,1
"142",18624,18624,"100%",2016-01-13,"WBAN:14739","BOSTON MA US",3.7,42.3606,-71.0097,"2016/1/13 23:59","SOD",33,21,27,-1.7,43,7,21,38,0,711,1635,"","0","0",NA,29.86,29.91,10.5,"23","270",17,250,-45.9,1
"143",18624,18624,"100%",2016-01-15,"WBAN:14739","BOSTON MA US",3.7,42.3606,-71.0097,"2016/1/15 23:59","SOD",42,26,34,5.4,71,26,32,31,0,710,1638,"","0","0",NA,29.46,29.5,9.3,"28","330",21,330,183.6,1
"144",18624,18624,"100%",2016-01-22,"WBAN:14739","BOSTON MA US",3.7,42.3606,-71.0097,"2016/1/22 23:59","SOD",32,19,26,-2.6,45,6,20,39,0,706,1646,"","0","0",NA,29.93,29.91,20.3,"45","40",36,40,-67.6,1
"145",18108,18624,"97.229%",2016-01-27,"WBAN:14739","BOSTON MA US",3.7,42.3606,-71.0097,"2016/1/27 23:59","SOD",45,31,38,9,51,24,34,27,0,702,1653,"","0","0",NA,29.93,29.92,8,"23","230",18,220,342,0.97229381443299
"146",17729,18624,"95.194%",2016-01-29,"WBAN:14739","BOSTON MA US",3.7,42.3606,-71.0097,"2016/1/29 23:59","SOD",41,33,37,7.8,76,29,33,28,0,700,1655,"BR:13","0","0",NA,29.85,29.91,13.6,"32","260",26,220,288.6,0.951943728522337
"147",17297,18624,"92.875%",2016-02-03,"WBAN:14739","BOSTON MA US",3.7,42.3606,-71.0097,"2016/2/3 23:59","SOD",57,35,46,16.2,83,41,44,19,0,655,1702,"RA:16 BR:13","0.33","0",NA,29.9,29.95,10.4,"23","280",18,290,745.2,0.928747852233677
"148",18624,18624,"100%",2016-02-07,"WBAN:14739","BOSTON MA US",3.7,42.3606,-71.0097,"2016/2/7 23:59","SOD",44,29,37,6.6,67,25,32,28,0,650,1707,"","0","0",NA,29.82,29.82,21.2,"46","30",38,30,244.2,1
"149",18186,18624,"97.648%",2016-02-10,"WBAN:14739","BOSTON MA US",3.7,42.3606,-71.0097,"2016/2/10 23:59","SOD",36,20,28,-2.8,79,24,28,37,0,646,1711,"SN:18 BR:13","0","0.1",NA,29.7,29.77,16.8,"39","270",29,270,-78.4,0.976481958762887
"150",18157,18624,"97.492%",2016-02-25,"WBAN:14739","BOSTON MA US",3.7,42.3606,-71.0097,"2016/2/25 23:59","SOD",62,41,52,18.4,81,47,50,13,0,625,1730,"TS:03 RA:16 BR:13","0.81","0",NA,29.57,29.67,19,"40","320",28,290,956.8,0.974924828178694
"151",18624,18624,"100%",2016-02-27,"WBAN:14739","BOSTON MA US",3.7,42.3606,-71.0097,"2016/2/27 23:59","SOD",39,21,30,-4,39,8,24,35,0,622,1732,"","0","0",NA,29.8,29.81,14.5,"29","200",22,220,-120,1
"152",17680,18624,"94.931%",2016-02-29,"WBAN:14739","BOSTON MA US",3.7,42.3606,-71.0097,"2016/2/29 23:59","SOD",64,43,54,NA,NA,33,43,11,0,618,1735,"","0","0",NA,29.98,30.03,12.3,"56","280",39,270,NA,0.949312714776632
"153",18624,18624,"100%",2016-03-02,"WBAN:14739","BOSTON MA US",3.7,42.3606,-71.0097,"2016/3/2 23:59","SOD",53,25,39,4.3,63,28,36,26,0,615,1737,"RA:16 BR:13","0.37","0",NA,30.12,30.17,9.7,"30","280",24,320,167.7,1
"154",18624,18624,"100%",2016-03-04,"WBAN:14739","BOSTON MA US",3.7,42.3606,-71.0097,"2016/3/4 23:59","SOD",31,26,29,-6.1,72,20,26,36,0,612,1740,"SN:18 BR:13","0.01","0.5",NA,30.11,30.15,10.2,"25","360",21,360,-176.9,1
"155",17790,18624,"95.522%",2016-03-09,"WBAN:14739","BOSTON MA US",3.7,42.3606,-71.0097,"2016/3/9 23:59","SOD",77,40,58,21.7,55,41,50,7,0,603,1746,"BR:13","0","0",NA,29.87,29.9,9.5,"38","270",25,30,1258.6,0.955219072164949
"156",18624,18624,"100%",2016-03-11,"WBAN:14739","BOSTON MA US",3.7,42.3606,-71.0097,"2016/3/11 23:59","SOD",50,41,46,9.2,83,39,43,19,0,600,1748,"RA:16 BR:13","0.09","0",NA,30.15,30.13,11.2,"29","230",22,230,423.2,1
"157",18624,18624,"100%",2016-03-16,"WBAN:14739","BOSTON MA US",3.7,42.3606,-71.0097,"2016/3/16 23:59","SOD",48,41,45,6.9,89,41,43,20,0,551,1754,"RA:16 BR:13","0.03","0",NA,29.75,29.75,10.6,"46","320",36,320,310.5,1
"158",18624,18624,"100%",2016-03-21,"WBAN:14739","BOSTON MA US",3.7,42.3606,-71.0097,"2016/3/21 23:59","SOD",44,28,36,-3.5,64,23,31,29,0,543,1759,"SN:18 BR:13","0.22","3.6",NA,29.96,30,14.9,"33","250",24,270,-126,1
"159",18624,18624,"100%",2016-03-23,"WBAN:14739","BOSTON MA US",3.7,42.3606,-71.0097,"2016/3/23 23:59","SOD",63,42,53,12.9,61,35,43,12,0,539,1802,"RA:16","0","0",NA,30.15,30.15,16.4,"29","60",24,70,683.7,1
"160",18624,18624,"100%",2016-04-06,"WBAN:14739","BOSTON MA US",3.7,42.3606,-71.0097,"2016/4/6 23:59","SOD",42,25,34,-10.8,48,17,29,31,0,515,1818,"","0","0",NA,29.69,29.66,16.6,"40","160",35,180,-367.2,1
"161",18624,18624,"100%",2016-04-08,"WBAN:14739","BOSTON MA US",3.7,42.3606,-71.0097,"2016/4/8 23:59","SOD",53,37,45,-0.5,61,33,41,20,0,512,1820,"RA:16","0","0",NA,29.72,29.78,9.9,"25","330",22,110,-22.5,1
"162",18624,18624,"100%",2016-04-11,"WBAN:14739","BOSTON MA US",3.7,42.3606,-71.0097,"2016/4/11 23:59","SOD",60,42,51,4.4,58,35,44,14,0,507,1823,"RA:16","0.01","0",NA,29.98,30.03,15.9,"38","220",30,210,224.4,1
"163",18624,18624,"100%",2016-04-13,"WBAN:14739","BOSTON MA US",3.7,42.3606,-71.0097,"2016/4/13 23:59","SOD",50,38,44,-3.3,56,28,37,21,0,504,1825,"","0","0",NA,30.33,30.37,10.5,"28","90",23,80,-145.2,1
"164",18624,18624,"100%",2016-10-26,"WBAN:14739","BOSTON MA US",3.7,42.3606,-71.0097,"2016/10/26 23:59","SOD",49,37,43,-7.7,54,26,35,22,0,612,1643,"","0","0",NA,30.38,30.38,9.7,"32","120",25,120,-331.1,1
"165",18624,18624,"100%",2016-11-02,"WBAN:14739","BOSTON MA US",3.7,42.3606,-71.0097,"2016/11/2 23:59","SOD",70,45,57,8.3,78,50,53,8,0,621,1634,"","0","0",NA,29.88,29.9,7.7,"29","280",24,280,473.1,1
"166",17452,18624,"93.707%",2016-11-06,"WBAN:14739","BOSTON MA US",3.7,42.3606,-71.0097,"2016/11/6 23:59","SOD",52,43,47,-0.6,72,38,43,18,0,626,1629,"RA:16","0.09","0",NA,30.37,30.39,9.2,"24","360",18,360,-28.2,0.937070446735395
"167",18624,18624,"100%",2016-11-11,"WBAN:14739","BOSTON MA US",3.7,42.3606,-71.0097,"2016/11/11 23:59","SOD",60,38,49,2.8,48,29,40,16,0,632,1624,"","0","0",NA,30.09,30.13,13.5,"37","320",28,310,137.2,1
"168",18624,18624,"100%",2016-11-16,"WBAN:14739","BOSTON MA US",3.7,42.3606,-71.0097,"2016/11/16 23:59","SOD",55,51,53,8.3,92,50,51,12,0,638,1620,"RA:16 BR:13","0.03","0",NA,29.87,29.93,11.6,"30","330",22,320,439.9,1
"169",18624,18624,"100%",2016-11-18,"WBAN:14739","BOSTON MA US",3.7,42.3606,-71.0097,"2016/11/18 23:59","SOD",63,43,53,8.9,71,41,46,12,0,641,1618,"","0","0",NA,29.88,29.87,6.7,"16","80",14,90,471.7,1
"170",18624,18624,"100%",2016-11-25,"WBAN:14739","BOSTON MA US",3.7,42.3606,-71.0097,"2016/11/25 23:59","SOD",48,39,44,2.2,97,42,43,21,0,649,1614,"RA:16 BR:13","0.03","0",NA,30.04,30.06,6.9,"18","320",14,320,96.8,1
"171",17338,18624,"93.095%",2016-11-30,"WBAN:14739","BOSTON MA US",3.7,42.3606,-71.0097,"2016/11/30 23:59","SOD",52,42,47,6.9,NA,NA,NA,18,0,654,1612,"RA:16 BR:13","0.91","0",NA,29.52,29.54,15.6,"35","260",25,270,324.3,0.930949312714777
"172",18624,18624,"100%",2016-12-02,"WBAN:14739","BOSTON MA US",3.7,42.3606,-71.0097,"2016/12/2 23:59","SOD",51,38,45,5.6,59,31,39,20,0,656,1612,"","0","0",NA,29.83,29.89,15.6,"34","340",25,290,252,1
"173",18624,18624,"100%",2016-12-09,"WBAN:14739","BOSTON MA US",3.7,42.3606,-71.0097,"2016/12/9 23:59","SOD",37,25,31,-5.9,46,13,26,34,0,703,1611,"","0","0",NA,30.28,30.31,11.9,"31","310",21,290,-182.9,1
"174",18624,18624,"100%",2016-12-16,"WBAN:14739","BOSTON MA US",3.7,42.3606,-71.0097,"2016/12/16 23:59","SOD",21,4,13,-21.5,38,-8,9,52,0,708,1613,"","0","0",NA,30.07,30.06,7.2,"17","130",15,180,-279.5,1
"175",18624,18624,"100%",2016-12-23,"WBAN:14739","BOSTON MA US",3.7,42.3606,-71.0097,"2016/12/23 23:59","SOD",46,35,41,8.7,59,26,34,24,0,712,1617,"","0","0",NA,30.11,30.13,11.7,"26","200",21,210,356.7,1
"176",18624,18624,"100%",2016-12-27,"WBAN:14739","BOSTON MA US",3.7,42.3606,-71.0097,"2016/12/27 23:59","SOD",58,39,48,16.7,68,41,46,17,0,713,1619,"RA:16","0","0",NA,29.95,30.02,10.8,"25","270",18,290,801.6,1
"177",18624,18624,"100%",2016-12-30,"WBAN:14739","BOSTON MA US",3.7,42.3606,-71.0097,"2016/12/30 23:59","SOD",41,30,36,5.4,61,23,31,29,0,713,1622,"SN:18","0","0",NA,29.97,30,14.1,"39","220",32,220,194.4,1
"178",18624,18624,"100%",2017-01-03,"WBAN:14739","BOSTON MA US",3.7,42.3606,-71.0097,"2017/1/3 23:59","SOD",44,40,42,12.2,95,40,41,23,0,714,1625,"RA:16 BR:13","0.89","0",NA,29.36,29.41,12.5,"37","250",20,270,512.4,1
"179",18624,18624,"100%",2017-01-06,"WBAN:14739","BOSTON MA US",3.7,42.3606,-71.0097,"2017/1/6 23:59","SOD",31,24,28,-1.3,64,16,24,37,0,713,1628,"SN:18 BR:13","0.06","1.1",NA,30.19,30.2,14.4,"37","340",28,350,-36.4,1
"180",18624,18624,"100%",2017-01-07,"WBAN:14739","BOSTON MA US",3.7,42.3606,-71.0097,"2017/1/7 23:59","SOD",24,17,21,-8.2,75,13,19,44,0,713,1629,"SN:18 FZFG:22 BR:13 FG:01","0.53","7",NA,30.13,30.21,13.3,"27","320",20,320,-172.2,1
"181",18624,18624,"100%",2017-01-11,"WBAN:14739","BOSTON MA US",3.7,42.3606,-71.0097,"2017/1/11 23:59","SOD",55,39,47,18.2,75,38,43,18,0,712,1633,"RA:16","0.09","0",NA,30,30,14.6,"35","210",26,220,855.4,1
"182",18624,18624,"100%",2017-01-16,"WBAN:14739","BOSTON MA US",3.7,42.3606,-71.0097,"2017/1/16 23:59","SOD",42,23,33,4.4,50,16,28,32,0,710,1639,"","0","0",NA,30.17,30.19,11.4,"31","140",22,110,145.2,1
"183",18624,18624,"100%",2017-01-18,"WBAN:14739","BOSTON MA US",3.7,42.3606,-71.0097,"2017/1/18 23:59","SOD",40,32,36,7.5,99,36,37,29,0,709,1641,"RA:16 DZ:14 BR:13","0.36","0",NA,29.96,29.99,8.1,"22","340",16,320,270,1
"184",18624,18624,"100%",2017-01-21,"WBAN:14739","BOSTON MA US",3.7,42.3606,-71.0097,"2017/1/21 23:59","SOD",55,37,46,17.4,82,40,43,19,0,707,1645,"BR:13","0","0",NA,29.79,29.84,11,"28","60",23,60,800.4,1
"185",18624,18624,"100%",2017-01-25,"WBAN:14739","BOSTON MA US",3.7,42.3606,-71.0097,"2017/1/25 23:59","SOD",44,36,40,11.2,72,31,36,25,0,704,1650,"RA:16","0.02","0",NA,29.34,29.34,13.5,"38","290",30,270,448,1
"186",18624,18624,"100%",2017-01-27,"WBAN:14739","BOSTON MA US",3.7,42.3606,-71.0097,"2017/1/27 23:59","SOD",44,36,40,11,51,23,34,25,0,702,1653,"","0","0",NA,29.49,29.55,15.1,"33","270",24,260,440,1
"187",18188,18624,"97.659%",2017-01-30,"WBAN:14739","BOSTON MA US",3.7,42.3606,-71.0097,"2017/1/30 23:59","SOD",36,24,30,0.7,44,12,25,35,0,659,1657,"","0","0",NA,29.88,29.92,7.3,"28","260",20,280,21,0.976589347079038
"188",18624,18624,"100%",2017-02-01,"WBAN:14739","BOSTON MA US",3.7,42.3606,-71.0097,"2017/2/1 23:59","SOD",43,27,35,5.5,NA,NA,NA,30,0,657,1659,"SN:18 BR:13","0.05","0.8",NA,29.99,NA,13.4,"35","280",25,280,192.5,1
"189",18624,18624,"100%",2017-02-03,"WBAN:14739","BOSTON MA US",3.7,42.3606,-71.0097,"2017/2/3 23:59","SOD",33,25,29,-0.8,NA,NA,NA,36,0,655,1702,"","0","0",NA,30.16,NA,13.2,"28","270",21,270,-23.2,1
"190",18624,18624,"100%",2017-02-05,"WBAN:14739","BOSTON MA US",3.7,42.3606,-71.0097,"2017/2/5 23:59","SOD",44,26,35,4.9,NA,NA,NA,30,0,653,1704,"","0","0",NA,29.94,NA,14,"39","280",28,280,171.5,1
"191",18624,18624,"100%",2017-02-15,"WBAN:14739","BOSTON MA US",3.7,42.3606,-71.0097,"2017/2/15 23:59","SOD",40,27,34,2.3,NA,NA,NA,31,0,640,1717,"RA:16 DZ:14 SN:18 BR:13","0.22","0.1",NA,29.34,NA,16.4,"36","290",25,290,78.2,1
"192",18624,18624,"100%",2017-02-27,"WBAN:14739","BOSTON MA US",3.7,42.3606,-71.0097,"2017/2/27 23:59","SOD",55,30,43,9,NA,NA,NA,22,0,622,1732,"","0","0",NA,30.3,NA,NA,"18","230",15,90,387,1
"193",18624,18624,"100%",2017-03-01,"WBAN:14739","BOSTON MA US",3.7,42.3606,-71.0097,"2017/3/1 23:59","SOD",63,48,55,20.6,90,53,54,10,0,618,1735,"RA:16 BR:13","0.02","0",NA,29.46,29.55,21.8,"53","290",40,290,1133,1
"194",18624,18624,"100%",2017-03-12,"WBAN:14739","BOSTON MA US",3.7,42.3606,-71.0097,"2017/3/12 23:59","SOD",27,9,18,-19,37,-3,13,47,0,600,1748,"","0","0",NA,30.36,30.39,10.6,"28","300",22,290,-342,1
"195",18624,18624,"100%",2017-03-15,"WBAN:14739","BOSTON MA US",3.7,42.3606,-71.0097,"2017/3/15 23:59","SOD",28,19,24,-13.8,59,11,20,41,0,555,1751,"","0","0",NA,29.75,29.81,16.2,"33","260",25,270,-331.2,1
"196",18624,18624,"100%",2017-03-20,"WBAN:14739","BOSTON MA US",3.7,42.3606,-71.0097,"2017/3/20 23:59","SOD",53,32,43,3.8,37,16,33,22,0,546,1757,"","0","0",NA,29.81,29.83,9,"24","280",15,290,163.4,1
"197",18624,18624,"100%",2017-03-22,"WBAN:14739","BOSTON MA US",3.7,42.3606,-71.0097,"2017/3/22 23:59","SOD",43,18,31,-8.8,38,8,25,34,0,543,1759,"","0","0",NA,30.4,30.45,13.5,"36","330",24,310,-272.8,1
"198",18624,18624,"100%",2017-03-24,"WBAN:14739","BOSTON MA US",3.7,42.3606,-71.0097,"2017/3/24 23:59","SOD",47,27,37,-3.4,59,24,33,28,0,539,1802,"RA:16 SN:18","0.03","0",NA,30.19,30.25,6.9,"16","40",14,50,-125.8,1
"199",18624,18624,"100%",2017-03-26,"WBAN:14739","BOSTON MA US",3.7,42.3606,-71.0097,"2017/3/26 23:59","SOD",41,30,36,-5,73,28,33,29,0,536,1804,"RA:16","0","0",NA,30.13,30.12,8.4,"17","100",14,110,-180,1
"200",18624,18624,"100%",2017-03-29,"WBAN:14739","BOSTON MA US",3.7,42.3606,-71.0097,"2017/3/29 23:59","SOD",47,37,42,0,72,32,37,23,0,530,1807,"RA:16 DZ:14 BR:13","0.06","0",NA,30.13,30.17,10.5,"23","330",18,330,0,1
"201",18624,18624,"100%",2017-03-31,"WBAN:14739","BOSTON MA US",3.7,42.3606,-71.0097,"2017/3/31 23:59","SOD",40,33,36,-6.7,NA,33,35,29,0,527,1810,"RA:16 SN:18 PL:04 FG:01 BR:13","0.87","10.1",NA,29.84,29.74,19.6,"39","40",31,30,-241.2,1
"202",18624,18624,"100%",2017-04-05,"WBAN:14739","BOSTON MA US",3.7,42.3606,-71.0097,"2017/4/5 23:59","SOD",41,37,39,-5.4,91,37,38,26,0,519,1815,"BR:13","0","0",NA,29.75,29.7,14.4,"31","40",25,50,-210.6,1
"203",18624,18624,"100%",2017-04-10,"WBAN:14739","BOSTON MA US",3.7,42.3606,-71.0097,"2017/4/10 23:59","SOD",76,44,60,13.8,45,37,49,5,0,510,1821,"","0","0",NA,30.03,30.06,11.1,"23","200",18,220,828,1
"204",18624,18624,"100%",2017-04-12,"WBAN:14739","BOSTON MA US",3.7,42.3606,-71.0097,"2017/4/12 23:59","SOD",60,48,54,7.1,77,46,50,11,0,507,1823,"RA:16","0.02","0",NA,30.23,30.27,11.2,"30","330",22,340,383.4,1
"205",18624,18624,"100%",2017-10-18,"WBAN:14739","BOSTON MA US",3.7,42.3606,-71.0097,"2017/10/18 23:59","SOD",72,47,59,5.9,53,41,50,6,0,601,1656,"","0","0",NA,30.1,30.11,13.2,"29","210",24,210,348.1,1
"206",18624,18624,"100%",2017-10-24,"WBAN:14739","BOSTON MA US",3.7,42.3606,-71.0097,"2017/10/24 23:59","SOD",75,62,69,17.7,85,64,66,0,4,608,1647,"RA:16 BR:13","0.07","0",NA,29.7,29.74,8.5,"33","170",22,170,1221.3,1
"207",18624,18624,"100%",2017-10-30,"WBAN:14739","BOSTON MA US",3.7,42.3606,-71.0097,"2017/10/30 23:59","SOD",65,51,58,8.4,69,46,52,7,0,616,1639,"RA:16 BR:13","0.94","0",NA,29.91,29.99,12.9,"31","260",24,240,487.2,1
"208",18624,18624,"100%",2017-11-01,"WBAN:14739","BOSTON MA US",3.7,42.3606,-71.0097,"2017/11/1 23:59","SOD",53,41,47,-2,69,39,45,18,0,618,1636,"","0","0",NA,30.25,30.26,9.2,"21","180",17,190,-94,1
"209",18624,18624,"100%",2017-11-08,"WBAN:14739","BOSTON MA US",3.7,42.3606,-71.0097,"2017/11/8 23:59","SOD",45,37,41,-6.1,69,30,36,24,0,627,1628,"RA:16 BR:13","0.03","0",NA,30.15,30.15,7.3,"18","190",14,150,-250.1,1
"210",18624,18624,"100%",2017-11-10,"WBAN:14739","BOSTON MA US",3.7,42.3606,-71.0097,"2017/11/10 23:59","SOD",49,24,37,-9.5,45,15,30,28,0,630,1626,"RA:16","0.02","0",NA,30.43,30.46,9.7,"27","300",20,310,-351.5,1
"211",18624,18624,"100%",2017-11-12,"WBAN:14739","BOSTON MA US",3.7,42.3606,-71.0097,"2017/11/12 23:59","SOD",44,29,37,-8.9,63,25,33,28,0,632,1624,"","0","0",NA,30.32,30.35,9.2,"21","320",17,310,-329.3,1
"212",18624,18624,"100%",2017-11-16,"WBAN:14739","BOSTON MA US",3.7,42.3606,-71.0097,"2017/11/16 23:59","SOD",50,38,44,-0.7,85,41,43,21,0,637,1621,"RA:16 BR:13","0.19","0",NA,29.8,29.87,16.1,"39","300",30,300,-30.8,1
"213",18624,18624,"100%",2017-11-24,"WBAN:14739","BOSTON MA US",3.7,42.3606,-71.0097,"2017/11/24 23:59","SOD",50,31,41,-1.2,60,27,35,24,0,647,1615,"","0","0",NA,29.73,29.73,10.7,"26","220",22,210,-49.2,1
"214",18624,18624,"100%",2017-11-27,"WBAN:14739","BOSTON MA US",3.7,42.3606,-71.0097,"2017/11/27 23:59","SOD",47,27,37,-4.2,53,22,32,28,0,650,1614,"","0","0",NA,30.35,30.36,9.2,"21","200",17,200,-155.4,1
"215",18624,18624,"100%",2017-11-30,"WBAN:14739","BOSTON MA US",3.7,42.3606,-71.0097,"2017/11/30 23:59","SOD",45,30,38,-2.1,NA,29,35,27,0,653,1613,"","0","0",NA,30.06,30.12,10.2,"25","350",21,330,-79.8,1
"216",18624,18624,"100%",2017-12-02,"WBAN:14739","BOSTON MA US",3.7,42.3606,-71.0097,"2017/12/2 23:59","SOD",43,34,38,-1.4,69,29,35,27,0,655,1612,"","0","0",NA,30.21,30.25,4.9,"12","330",8,320,-53.2,1
"217",18624,18624,"100%",2017-12-04,"WBAN:14739","BOSTON MA US",3.7,42.3606,-71.0097,"2017/12/4 23:59","SOD",43,33,38,-0.7,77,31,35,27,0,657,1612,"","0","0",NA,30.23,30.19,15.8,"48","190",37,190,-26.6,1
"218",18624,18624,"100%",2017-12-06,"WBAN:14739","BOSTON MA US",3.7,42.3606,-71.0097,"2017/12/6 23:59","SOD",58,36,47,9,63,34,42,18,0,659,1611,"RA:16 BR:13","0.46","0",NA,29.88,29.91,11.5,"27","260",18,240,423,1
"219",18624,18624,"100%",2017-12-13,"WBAN:14739","BOSTON MA US",3.7,42.3606,-71.0097,"2017/12/13 23:59","SOD",36,22,29,-6.5,57,12,21,36,0,705,1612,"","0","0",NA,29.64,29.72,14.8,"33","270",25,260,-188.5,1
"220",18624,18624,"100%",2017-12-15,"WBAN:14739","BOSTON MA US",3.7,42.3606,-71.0097,"2017/12/15 23:59","SOD",27,17,22,-12.8,59,11,20,43,0,707,1612,"SN:18","0","0",NA,29.92,29.94,13.7,"29","260",23,260,-281.6,1
"221",18624,18624,"100%",2017-12-20,"WBAN:14739","BOSTON MA US",3.7,42.3606,-71.0097,"2017/12/20 23:59","SOD",47,31,39,5.8,44,19,33,26,0,710,1614,"","0","0",NA,30.14,30.16,10.1,"29","320",22,320,226.2,1
"222",18624,18624,"100%",2017-12-23,"WBAN:14739","BOSTON MA US",3.7,42.3606,-71.0097,"2017/12/23 23:59","SOD",43,25,34,1.7,95,30,31,31,0,711,1616,"RA:16 DZ:14 FZRA:17 FZDZ:15 SN:18 BR:13","0.58","0",NA,30.12,30.13,11.2,"28","60",24,90,57.8,1
"223",18624,18624,"100%",2017-12-25,"WBAN:14739","BOSTON MA US",3.7,42.3606,-71.0097,"2017/12/25 23:59","SOD",38,23,31,-0.8,70,22,28,34,0,712,1617,"RA:16 SN:18 PL:04 FZFG:22 BR:13 FG:01","0.44","2.9",NA,30.25,30.28,15.3,"35","270",26,260,-24.8,1
"224",18624,18624,"100%",2017-12-28,"WBAN:14739","BOSTON MA US",3.7,42.3606,-71.0097,"2017/12/28 23:59","SOD",12,5,9,-22,46,-7,6,56,0,713,1619,"","0","0",NA,30.2,30.22,11.7,"26","270",21,280,-198,1
"225",18624,18624,"100%",2017-12-31,"WBAN:14739","BOSTON MA US",3.7,42.3606,-71.0097,"2017/12/31 23:59","SOD",13,4,9,-21.4,NA,-2,7,56,0,713,1622,"","0","9.2",NA,30.18,30.23,16.3,"34","300",25,290,-192.6,1
"226",18624,18624,"100%",2018-01-03,"WBAN:14739","BOSTON MA US",3.7,42.3606,-71.0097,"2018/1/3 23:59","SOD",29,16,23,-6.8,55,8,19,42,0,714,1625,"","0","0",NA,29.4,29.33,22.6,"51","340",39,310,-156.4,1
"227",18624,18624,"100%",2018-01-05,"WBAN:14739","BOSTON MA US",3.7,42.3606,-71.0097,"2018/1/5 23:59","SOD",24,6,15,-14.5,53,0,11,50,0,713,1627,"BLSN:09","0","0",NA,29.89,29.98,22,"48","270",36,270,-217.5,1
"228",18624,18624,"100%",2018-01-16,"WBAN:14739","BOSTON MA US",3.7,42.3606,-71.0097,"2018/1/16 23:59","SOD",33,20,27,-1.6,76,21,25,38,0,710,1639,"","0","0",NA,30.21,30.21,6.4,"16","330",13,300,-43.2,1
"229",18624,18624,"100%",2018-01-18,"WBAN:14739","BOSTON MA US",3.7,42.3606,-71.0097,"2018/1/18 23:59","SOD",32,21,27,-1.5,66,17,24,38,0,709,1641,"","0","0",NA,29.9,29.94,9.5,"20","270",16,270,-40.5,1
"230",18624,18624,"100%",2018-01-21,"WBAN:14739","BOSTON MA US",3.7,42.3606,-71.0097,"2018/1/21 23:59","SOD",49,34,41,12.4,64,29,36,24,0,707,1645,"","0","0",NA,30.2,30.23,4.9,"17","40",14,50,508.4,1
"231",18624,18624,"100%",2018-01-31,"WBAN:14739","BOSTON MA US",3.7,42.3606,-71.0097,"2018/1/31 23:59","SOD",30,18,24,-5.4,NA,8,20,41,0,658,1658,"","0","17.8",NA,29.92,29.93,13.5,"28","210",22,210,-129.6,1
"232",18624,18624,"100%",2018-02-02,"WBAN:14739","BOSTON MA US",3.7,42.3606,-71.0097,"2018/2/2 23:59","SOD",38,12,25,-4.6,60,14,23,40,0,656,1701,"RA:16 SN:18 BR:13","0.25","0.1",NA,30.29,30.33,13,"27","260",21,220,-115,1
"233",18624,18624,"100%",2018-02-04,"WBAN:14739","BOSTON MA US",3.7,42.3606,-71.0097,"2018/2/4 23:59","SOD",43,26,35,5.1,82,31,35,30,0,654,1703,"RA:16 FG:01 BR:13","0.29","0",NA,29.75,29.84,13.5,"39","270",28,300,178.5,1
"234",18624,18624,"100%",2018-02-09,"WBAN:14739","BOSTON MA US",3.7,42.3606,-71.0097,"2018/2/9 23:59","SOD",32,22,27,-3.7,56,14,24,38,0,648,1710,"","0","0",NA,30.23,30.22,8.4,"24","220",20,210,-99.9,1
"235",18624,18624,"100%",2018-02-11,"WBAN:14739","BOSTON MA US",3.7,42.3606,-71.0097,"2018/2/11 23:59","SOD",49,38,43,12,97,40,41,22,0,645,1712,"RA:16 BR:13","0.69","0",NA,30.14,30.24,10.4,"29","330",23,320,516,1
"236",18624,18624,"100%",2018-02-14,"WBAN:14739","BOSTON MA US",3.7,42.3606,-71.0097,"2018/2/14 23:59","SOD",47,28,38,6.5,72,30,35,27,0,641,1716,"","0","0",NA,29.81,29.8,8.4,"23","240",17,220,247,1
"237",18624,18624,"100%",2018-02-26,"WBAN:14739","BOSTON MA US",3.7,42.3606,-71.0097,"2018/2/26 23:59","SOD",51,38,45,11.2,63,30,39,20,0,623,1731,"BR:13","0","0",NA,30.21,30.24,9.4,"25","280",20,300,504,1
"238",18624,18624,"100%",2018-02-28,"WBAN:14739","BOSTON MA US",3.7,42.3606,-71.0097,"2018/2/28 23:59","SOD",60,39,50,15.8,NA,30,41,15,0,620,1734,"RA:16","0.01","0",NA,29.81,29.83,9.8,"35","40",28,50,790,1
"239",18624,18624,"100%",2018-03-11,"WBAN:14739","BOSTON MA US",3.7,42.3606,-71.0097,"2018/3/11 23:59","SOD",44,31,38,1.2,54,22,32,27,0,602,1747,"","0","0",NA,30,30,13.9,"35","50",30,60,45.6,1
"240",18624,18624,"100%",2018-03-14,"WBAN:14739","BOSTON MA US",3.7,42.3606,-71.0097,"2018/3/14 23:59","SOD",41,29,35,-2.5,72,26,31,30,0,557,1750,"SN:18 BR:13","0.03","0.3",NA,29.35,29.39,17.7,"34","290",26,260,-87.5,1
"241",18624,18624,"100%",2018-03-20,"WBAN:14739","BOSTON MA US",3.7,42.3606,-71.0097,"2018/3/20 23:59","SOD",39,24,32,-7.2,49,14,26,33,0,546,1757,"","0","0",NA,29.76,29.77,19.6,"42","50",31,40,-230.4,1
"242",18624,18624,"100%",2018-03-31,"WBAN:14739","BOSTON MA US",3.7,42.3606,-71.0097,"2018/3/31 23:59","SOD",57,39,48,5.3,NA,21,36,17,0,527,1810,"","0","23.3",NA,29.91,29.95,17.9,"39","260",29,270,254.4,1
"243",18624,18624,"100%",2018-04-06,"WBAN:14739","BOSTON MA US",3.7,42.3606,-71.0097,"2018/4/6 23:59","SOD",43,29,36,-8.8,71,26,32,29,0,517,1816,"RA:16 SN:18 FG:01 BR:13","0.21","0.6",NA,29.75,29.81,12,"27","270",20,290,-316.8,1
"244",18624,18624,"100%",2018-04-08,"WBAN:14739","BOSTON MA US",3.7,42.3606,-71.0097,"2018/4/8 23:59","SOD",42,32,37,-8.5,45,17,30,28,0,513,1819,"","0","0",NA,30.05,30.11,11.7,"30","320",24,330,-314.5,1
"245",18624,18624,"100%",2018-04-11,"WBAN:14739","BOSTON MA US",3.7,42.3606,-71.0097,"2018/4/11 23:59","SOD",45,30,38,-8.6,80,32,36,27,0,508,1822,"BR:13","0","0",NA,30,29.99,11.6,"26","210",22,210,-326.8,1
